{
  "lasso_top_genes": {
    "C8orf47": -0.17588973922295928,
    "C19orf77": -0.1671738494556133,
    "PLEKHG4B": 0.16667629552957874,
    "MUC5B": 0.1595640787776628,
    "ITGA8": -0.08495592064196153,
    "PSORS1C3": -0.06357274106064013,
    "ELN": -0.06321504240002472,
    "ACTC1": -0.06273929835259938,
    "ZFP57": -0.05953497436767062,
    "EREG": 0.0519192835331532,
    "IGF2BP3": 0.04962683102147283,
    "DPP6": -0.04497356313784104,
    "ITPKA": 0.04380831619693346,
    "ANXA8": 0.04338778134719635,
    "HAPLN1": -0.03834610051129281,
    "TPSD1": -0.037359805963245375,
    "SPDEF": 0.037093870832737304,
    "HMGCS2": -0.03618086547654289,
    "CYP3A7": -0.029500195666125557,
    "RGS20": 0.027019116716526178
  },
  "rsf_top_genes": {
    "ITIH4": 0.006430087958750397,
    "ITPKA": 0.0055201698513800855,
    "CYP3A7": 0.004185623293903573,
    "TPSD1": 0.004124962086745554,
    "CXCL1": 0.0035790112223233806,
    "EREG": 0.002972399150743166,
    "ACTC1": 0.0029723991507431212,
    "DPP6": 0.0016985138004246725,
    "C19orf77": 0.0016985138004246502,
    "LDHC": 0.0016378525932666532,
    "CPXM2": 0.0015771913861086118,
    "SLC12A3": 0.0011525629360024548,
    "KRT6A": 0.0011525629360024324,
    "IGF2BP3": 0.000788595693054317,
    "TF": 0.0006672732787383007,
    "ANXA8": 0.000606612071580237,
    "ZFP57": 0.00054595086442224,
    "LOC339535": 0.0004852896572641985,
    "C8orf47": 0.0004246284501062014,
    "HMGCS2": -0.00018198362147403557
  },
  "overlap_genes": [
    "DPP6",
    "EREG",
    "TPSD1",
    "C19orf77",
    "ITPKA",
    "ACTC1",
    "ZFP57",
    "HMGCS2",
    "C8orf47",
    "IGF2BP3",
    "CYP3A7",
    "ANXA8"
  ]
}