Model,C-index
LASSO Cox,0.8046709129511678
Cox PH (clinical),0.7808613891416439
DeepSurv,0.7637245981195026
Random Survival Forest,0.716105550500455
